label,COM,SN,ID,calibration
Cam 1,COM2,50-0537011139,DEV_000F315DB043,0.024456521739130436
Cam 2,COM4,50-0537035519,DEV_000F315E0F7F,0.01749271137026239
Cam Laser,,50-0536999326,DEV_000F315D821E,0.01708984375
Cam 4,COM6,50-0536976126,DEV_000F315D277E,0.017578125
Beam Dump,COM7,50-0536999325,DEV_000F315D821D,0.01675977653631285
